,name,github_id,category,description,github_url,homepage,license,created_at,updated_at,last_commit_pushed_at,commit_count,recent_commit_count,fork_count,watchers_count,pr_count,open_issue_count,closed_issue_count,star_count,latest_stable_release_published_at,latest_stable_release_number,github_release_downloads,monthly_downloads,release_count,contributor_count,projectrank,show,projectrank_placing,updated_github_id,labels
0,lean4,leanprover/lean4,core,Lean 4 repository. Includes `Lake`.,https://github.com/leanprover/lean4,https://github.com/leanprover/lean4,Apache-2.0,2018-04-15 02:49:20,2024-06-22 11:05:35,2024-06-22 01:24:23,33239.0,543.0,341.0,66.0,2936.0,516.0,1072.0,3990.0,2024-06-05 03:24:31,4.8.0,227717.0,5554.0,36.0,176.0,30,True,1,,
1,mathlib4,leanprover-community/mathlib4,core,Math library.,https://github.com/leanprover-community/mathlib4,https://github.com/leanprover-community/mathlib4,Apache-2.0,2021-05-09 07:52:01,2024-06-22 11:05:08,2024-06-22 09:56:28,11737.0,1815.0,249.0,40.0,13651.0,214.0,159.0,1131.0,,,,,,277.0,25,True,2,,
2,elan,leanprover/elan,core,Version Manager.,https://github.com/leanprover/elan,https://github.com/leanprover/elan,Apache-2.0,2018-04-04 11:27:24,2024-06-19 12:55:20,2024-06-19 12:55:16,315.0,11.0,34.0,18.0,60.0,19.0,51.0,273.0,2024-02-22 22:04:49,3.1.1,593328.0,8017.0,54.0,19.0,20,True,2,,
3,vscode-lean4,leanprover/vscode-lean4,tool,Visual Studio Code extension.,https://github.com/leanprover/vscode-lean4,https://github.com/leanprover/vscode-lean4,Apache-2.0,2020-12-31 17:26:54,2024-06-21 20:04:17,2024-06-21 20:04:06,2562.0,88.0,41.0,13.0,285.0,41.0,148.0,135.0,2024-06-19 14:11:30,0.0.164,348.0,12.0,100.0,55.0,19,True,1,,
4,ProofWidgets,leanprover-community/ProofWidgets4,package-meta,Helper toolkit for creating your own Lean 4 UserWidgets.,https://github.com/leanprover-community/ProofWidgets4,https://github.com/leanprover-community/ProofWidgets4,Apache-2.0,2022-11-15 09:42:25,2024-06-21 19:36:27,2024-06-05 08:31:02,255.0,35.0,21.0,8.0,47.0,12.0,7.0,92.0,2024-05-07 04:40:40,0.0.36,184191.0,10834.0,48.0,13.0,19,True,1,,
5,std4,leanprover/std4,core,Standard Library.,https://github.com/leanprover-community/batteries,https://github.com/leanprover-community/batteries,Apache-2.0,2022-08-28 15:23:46,2024-06-22 10:53:29,2024-06-21 01:06:34,817.0,85.0,87.0,21.0,795.0,27.0,32.0,217.0,,,,,,58.0,17,True,3,leanprover-community/batteries,
6,Lean Game Server,leanprover-community/lean4game,game,Mainly for Natural Number Game. Be careful not to confuse this with the [Lean 3..,https://github.com/leanprover-community/lean4game,https://adam.math.hhu.de/,GPL-3.0,2022-10-17 12:56:13,2024-06-18 13:41:01,2024-06-13 09:46:01,1028.0,59.0,23.0,9.0,31.0,61.0,151.0,130.0,2024-04-10 13:24:11,4.7.0,,,10.0,17.0,17,True,1,,
7,Paperproof,Paper-Proof/paperproof,tool,Theorem proving interface which feels like pen-and-paper proofs.,https://github.com/Paper-Proof/paperproof,https://github.com/Paper-Proof/paperproof,MIT,2023-03-16 15:24:27,2024-06-01 10:19:13,2024-06-01 10:19:13,725.0,11.0,8.0,6.0,14.0,10.0,20.0,318.0,2024-01-13 09:27:27,1.0.0,,,2.0,5.0,15,True,3,,
8,A Lean 4 Metaprogramming Book,leanprover-community/lean4-metaprogramming-book,tutorial,Practical manual with code that goes into the internal concepts of Lean 4.,https://github.com/leanprover-community/lean4-metaprogramming-book,https://github.com/leanprover-community/lean4-metaprogramming-book,Apache-2.0,2022-03-23 22:54:03,2024-05-08 13:08:56,2024-04-21 07:32:18,263.0,16.0,46.0,10.0,102.0,17.0,22.0,203.0,,,262.0,131.0,1.0,19.0,15,True,1,,
9,aesop,leanprover-community/aesop,package,Proof search tactic (Automated Extensible Search for Obvious Proofs).,https://github.com/leanprover-community/aesop,https://github.com/leanprover-community/aesop,Apache-2.0,2021-06-01 13:02:59,2024-06-21 10:41:22,2024-06-18 14:19:08,713.0,74.0,24.0,9.0,84.0,17.0,41.0,153.0,,,,,,18.0,15,True,1,,
10,A mathlib overview,leanprover-community/leanprover-community.github.io,cheatsheet,Hosts the website for mathlib and other Lean community infrastructure.,https://github.com/leanprover-community/leanprover-community.github.io,https://leanprover-community.github.io/mathlib-overview.html,MIT,2019-01-20 17:06:26,2024-06-22 04:07:28,2024-06-13 15:27:27,10174.0,30.0,112.0,13.0,459.0,20.0,14.0,48.0,,,,,,106.0,15,True,1,,
11,SciLean,lecopivo/SciLean,package,Scientific computing in Lean 4.,https://github.com/lecopivo/SciLean,https://github.com/lecopivo/SciLean,Apache-2.0,2021-09-27 21:50:10,2024-06-21 21:46:29,2024-06-21 21:46:26,1584.0,127.0,17.0,17.0,8.0,16.0,14.0,237.0,,,,,,8.0,14,True,2,,
12,doc-gen4,leanprover/doc-gen4,core,Document Generator.,https://github.com/leanprover/doc-gen4,https://github.com/leanprover/doc-gen4,Apache-2.0,2021-11-11 01:41:27,2024-06-18 13:24:10,2024-06-18 13:24:10,494.0,35.0,36.0,13.0,122.0,24.0,53.0,55.0,,,,,,27.0,14,True,3,,
13,CvxLean,verified-optimization/CvxLean,package,Convex optimization modeling in Lean 4.,https://github.com/verified-optimization/CvxLean,https://github.com/verified-optimization/CvxLean,Apache-2.0,2022-10-14 10:05:55,2024-05-31 12:43:00,2024-05-20 15:01:43,1237.0,7.0,3.0,3.0,33.0,9.0,,28.0,2024-03-22 16:22:23,2.0,,,1.0,3.0,12,True,2,,
14,Theorem Proving in Lean 4,leanprover/theorem_proving_in_lean4,tutorial,Theorem Proving in Lean 4.,https://github.com/leanprover/theorem_proving_in_lean4,https://lean-lang.org/theorem_proving_in_lean4/,Apache-2.0,2021-08-24 18:41:32,2024-06-13 03:39:43,2024-05-22 20:02:12,1084.0,1.0,78.0,11.0,92.0,15.0,12.0,143.0,,,,,,79.0,11,True,2,,
15,Lean Math Workshop,yuma-mizuno/lean-math-workshop,sample,Materials for a workshop held in Japan.,https://github.com/yuma-mizuno/lean-math-workshop,https://github.com/yuma-mizuno/lean-math-workshop,Apache-2.0,2023-05-30 10:58:24,2024-06-08 11:30:59,2024-05-04 15:52:27,199.0,13.0,20.0,7.0,26.0,2.0,11.0,58.0,,,,,,5.0,11,True,1,,['ja']
16,lean4web,leanprover-community/lean4web,tool,Web editor.,https://github.com/leanprover-community/lean4web,https://live.lean-lang.org/,Apache-2.0,2022-10-25 08:49:35,2024-06-05 11:44:46,2024-06-05 11:44:38,232.0,21.0,14.0,10.0,4.0,10.0,14.0,52.0,,,,,,5.0,11,True,3,,
17,The mechanics of proof,hrmacbeth/math2001,tutorial,Early university level course.,https://github.com/hrmacbeth/math2001,https://hrmacbeth.github.io/math2001/,,2022-01-24 19:33:15,2024-05-30 23:10:49,2024-04-27 23:08:50,257.0,4.0,54.0,3.0,9.0,1.0,7.0,152.0,,,,,,,10,True,2,,
18,SMT Lean,ufmg-smite/lean-smt,package,Tactics for discharging Lean goals into SMT solvers.,https://github.com/ufmg-smite/lean-smt,https://github.com/ufmg-smite/lean-smt,Apache-2.0,2021-11-23 20:54:14,2024-06-14 11:08:51,2024-06-12 13:06:00,103.0,25.0,17.0,5.0,103.0,5.0,7.0,78.0,,,,,,5.0,10,True,3,,
19,quote4,leanprover-community/quote4,core,"Intuitive, type-safe expression quotations for Lean 4.",https://github.com/leanprover-community/quote4,https://github.com/leanprover-community/quote4,Apache-2.0,2021-05-08 19:00:07,2024-06-07 19:52:52,2024-06-07 19:52:52,161.0,4.0,10.0,6.0,25.0,11.0,9.0,69.0,,,,,,8.0,10,True,3,,
20,Mathematics in Lean,leanprover-community/mathematics_in_lean,tutorial,Note that there are many parts of the documentation at leanprover-community.github.io that have not been updated.,https://github.com/leanprover-community/mathematics_in_lean,https://leanprover-community.github.io/mathematics_in_lean/,,2020-04-25 01:10:56,2024-06-11 04:59:33,2024-05-24 14:19:01,67.0,3.0,140.0,13.0,19.0,,,207.0,,,,,,3.0,9,True,3,,
21,llmstep,wellecks/llmstep,package-meta,llmstep: [L]LM proofstep suggestions in Lean 4.,https://github.com/wellecks/llmstep,https://github.com/wellecks/llmstep,MIT,2023-07-08 23:50:23,2023-11-11 01:30:11,2023-11-11 01:30:11,73.0,,14.0,3.0,18.0,1.0,2.0,101.0,2023-10-31 03:18:38,1.0.0,,,1.0,5.0,8,True,3,,
22,Functional Programming in Lean,leanprover/fp-lean,tutorial,Functional Programming in Lean.,https://github.com/leanprover/fp-lean,https://lean-lang.org/functional_programming_in_lean/,,2022-04-07 15:40:31,2024-05-08 17:07:55,2024-02-06 09:43:13,351.0,,15.0,6.0,18.0,39.0,101.0,59.0,2022-11-27 19:58:21,pre-2022-11,37.0,1.0,5.0,2.0,8,True,3,,
23,"The Matrix Cookbook, using Lean's mathlib",eric-wieser/lean-matrix-cookbook,sample,"The matrix cookbook, proved in the Lean theorem prover.",https://github.com/eric-wieser/lean-matrix-cookbook,https://github.com/eric-wieser/lean-matrix-cookbook,MIT,2021-10-21 16:25:24,2024-06-11 22:42:11,2024-06-11 21:36:52,125.0,7.0,7.0,3.0,12.0,,1.0,45.0,,,,,,2.0,7,True,3,,
24,Lean 4 Tactics,madvorak/lean4-tactics,cheatsheet,Overview of tactics in Lean 4 for beginners longer version.,https://github.com/madvorak/lean4-tactics,https://github.com/madvorak/lean4-tactics,Unlicense,2023-10-04 08:11:28,2024-06-06 17:14:48,2024-06-06 17:14:48,33.0,6.0,1.0,4.0,1.0,,,36.0,,,,,,2.0,7,True,2,,
25,SATurn,siddhartha-gadgil/Saturn,package,Experiments with SAT solvers with proofs in Lean 4.,https://github.com/siddhartha-gadgil/Saturn,https://github.com/siddhartha-gadgil/Saturn,MIT,2021-06-03 01:41:57,2024-04-18 03:39:22,2024-04-18 03:39:20,265.0,1.0,1.0,3.0,3.0,,1.0,50.0,,,,,,2.0,6,True,3,,
26,lean-crypto,joehendrix/lean-crypto,package,Cryptographic routines for the Lean 4 language.,https://github.com/joehendrix/lean-crypto,https://github.com/joehendrix/lean-crypto,,2021-12-13 15:25:44,2023-10-02 18:10:19,2023-10-02 18:10:19,108.0,,3.0,6.0,14.0,,,38.0,,,,,,3.0,6,True,3,,
27,cs-dm/CheatSheet.lean,kevinsullivan/cs-dm,cheatsheet,CS2012 UVa CS Discrete Math Spring 2018.,https://github.com/kevinsullivan/cs-dm,https://github.com/kevinsullivan/cs-dm/blob/master/CheatSheet.lean,,2018-01-20 02:33:29,2019-10-02 22:26:40,2019-10-02 22:26:27,480.0,,20.0,12.0,1.0,9.0,16.0,15.0,,,,,,3.0,6,False,2,,['lean3']
28,Lean 4 Tactics Reverse Lookup List,lean-ja/lean-ja.github.io,cheatsheet,Lean 4 Tactics Reverse Lookup List.,https://github.com/lean-ja/lean-ja.github.io,https://lean-ja.github.io/tactic-cheetsheet/,MIT,2023-09-04 11:57:55,2024-06-18 10:42:09,2024-06-18 10:42:08,79.0,1.0,,2.0,11.0,,18.0,,,,,,,3.0,5,True,2,,['ja']
29,LEAN JA リンク集,lean-ja/lean-ja.github.io,awesome,Japanese translated versions of several tutorials are available. ().,https://github.com/lean-ja/lean-ja.github.io,https://lean-ja.github.io/links/,MIT,2023-09-04 11:57:55,2024-06-18 10:42:09,2024-06-18 10:42:08,79.0,1.0,,2.0,11.0,,18.0,,,,,,,3.0,5,True,1,,['ja']
30,lean3-tactic-lean4,madvorak/lean3-tactic-lean4,cheatsheet,Reference sheet for people who know Lean 3 and want to write tactic-based proofs in Lean 4.,https://github.com/madvorak/lean3-tactic-lean4,https://github.com/madvorak/lean3-tactic-lean4,Unlicense,2023-02-17 15:17:58,2024-06-06 17:08:16,2024-06-06 17:08:16,45.0,1.0,2.0,1.0,1.0,,,20.0,,,,,,2.0,4,True,3,,['lean3']
31,Lean 4 Cheatsheet,madvorak/lean4-cheatsheet,cheatsheet,Printable (A4) overview of tactics in Lean 4 for beginners.,https://github.com/madvorak/lean4-cheatsheet,https://github.com/madvorak/lean4-cheatsheet/blob/main/lean-tactics.pdf,Unlicense,2023-03-07 15:37:12,2024-02-07 08:52:55,2024-02-07 08:52:50,11.0,,1.0,1.0,,,,18.0,,,,,,,4,True,3,,
32,(Mathlib4) General Documentation (API Reference),leanprover-community/mathlib4_docs,cheatsheet,Official Mathlib API Reference.,https://github.com/leanprover-community/mathlib4_docs,https://leanprover-community.github.io/mathlib4_docs/,,2022-01-06 19:13:21,2024-06-17 08:28:05,2024-06-17 08:28:03,14.0,2.0,1.0,18.0,1.0,,1.0,6.0,,,,,,3.0,2,True,3,,
33,Moogle: Semantic search over mathlib4,,cheatsheet,Better performance (latency) than `General Documentation`.,,https://www.moogle.ai/,,,,,,,,,,,,,,,,,,,1,True,3,,
34,`#help` command output,,cheatsheet,"Output of `#help option`, `#help attr`, ... shown in `Lean 4 Web`.",,https://live.lean-lang.org/#code=import%20Mathlib.Tactic%0D%0A%0D%0A%23help%20option%0D%0A%23help%20attr%0D%0A%23help%20cats%0D%0A%23help%20term%0D%0A%23help%20tactic%0D%0A%23help%20conv%0D%0A%23help%20command%0D%0A,,,,,,,,,,,,,,,,,,,1,True,3,,
35,The Lean Reference Manual,,tutorial,Official Lean 3 Reference Manual.,,https://lean-lang.org/reference/index.html,,,,,,,,,,,,,,,,,,,1,True,3,,['lean3']
36,Lean Manual,,tutorial,Official Manual.,,https://lean-lang.org/lean4/doc/do.html,,,,,,,,,,,,,,,,,,,1,True,3,,
37,Zulip chat for discussions about Lean and mathlib,,community,Official community.,,https://leanprover.zulipchat.com/,,,,,,,,,,,,,,,,,,,1,True,1,,
38,Lean 4 Anarchy (Discord),,community,Anarchy discord server.,,https://discord.com/invite/WZ9bs9UCvx,,,,,,,,,,,,,,,,,,,1,True,1,,
39,Links (lean-lang.org),,awesome,Official collection of links.,,https://lean-lang.org/links/,,,,,,,,,,,,,,,,,,,1,True,3,,
40,lean4 - Where is the syntax of Lean 4 documented? - Proof Assistants Stack Exchange,,awesome,Discussion regarding Lean 4 documentation.,,https://proofassistants.stackexchange.com/questions/2305/where-is-the-syntax-of-lean-4-documented,,,,,,,,,,,,,,,,,,,1,True,3,,
41,lean4 - YouTube,,movie,YouTube movies.,,https://www.youtube.com/results?search_query=lean4,,,,,,,,,,,,,,,,,,,1,True,1,,
42,人気の「Lean」動画 14本 - ニコニコ動画,,movie,Niconico movies. Entertaining instructions using TTS software have been uploaded.,,https://www.nicovideo.jp/tag/Lean,,,,,,,,,,,,,,,,,,,1,True,1,,['ja']
